"X1","X2","S","Z","D","Y"
0.0137357959282979,-1.9711247782168,1,1,0,1
-0.339955146963951,0.198556378129354,1,0,0,0
0.172475232177277,1.36162731147287,3,1,1,1
1.28839567985155,-0.238163623053011,2,1,1,1
-0.816017911444766,-0.685974929059312,1,0,0,0
0.350076494261716,0.218673631453713,1,1,0,0
-0.472158275619176,-1.46651563077012,2,1,1,0
-0.245659462759479,0.186007105229045,2,0,0,0
-1.15167144400285,-0.832313971718333,2,0,0,0
-1.85286019477193,0.416942679959934,1,1,0,0
-0.0870034316924828,-0.534521540337573,2,0,0,0
-0.799223755216702,-0.895299450112557,2,1,1,0
2.23686715651732,-1.17352453703504,2,1,1,1
-0.0639302001632234,1.69843674811948,2,1,1,0
-0.909000545801097,1.34369376823607,3,0,1,1
-0.128414822704362,1.44041447481482,2,0,0,0
-0.788270242522734,-1.20122454450163,3,0,1,0
-0.426084787528649,0.580548126170494,2,0,0,1
0.680702795906936,-1.40641170033411,2,0,0,0
1.44946516997827,0.849642727730669,2,1,1,1
0.199321127587281,0.510348555982605,2,0,0,0
0.265885594365126,0.773775892569946,2,1,1,0
1.497540325959,-0.880499173883783,1,0,0,1
-2.0293578383203,0.546871825541981,2,0,0,0
-0.943589705838377,-0.166715711891102,2,1,1,0
0.849832213491118,-1.08940388689788,2,1,1,1
-0.680273856882954,-1.47053940075113,3,1,1,0
-1.2149038670257,0.258437699861778,2,1,1,0
-0.830876116643613,1.2088068595523,1,0,0,0
0.742823198194618,0.620296505803163,3,1,1,0
-1.46490472969903,-1.4098079305863,2,0,0,0
0.886674293678578,-0.434280414419826,1,0,0,1
-1.0880230703526,-1.31849753343617,3,0,1,0
0.989250006047134,-0.116960354740489,1,0,0,1
0.494584749291041,0.046863256015455,3,0,1,0
1.85849056905365,-0.187119262653296,1,0,0,0
1.17991496311976,-0.875846928727372,2,0,0,1
-0.0947361744957119,-1.08023846038473,1,1,0,1
0.544655791272927,-0.782736606306365,2,1,1,1
0.540094874732934,0.275043735250174,2,1,1,0
0.892264427419439,1.42453414117448,1,0,0,1
-0.14225373172608,0.700662539998458,3,0,1,0
-0.572314190470641,1.91070980053577,2,1,1,0
-0.324110334331767,-0.0290669509390982,1,1,0,1
-0.897104050308554,0.385275694453757,2,0,0,0
-0.339566249540563,0.643315366362712,2,0,0,0
1.23331285651484,-1.55024752226954,2,1,1,1
0.117053494960211,-1.04076655128191,1,1,0,1
0.320300310114629,-0.478593002328495,3,0,1,1
-1.21967778951377,0.53154174484545,2,1,1,0
-1.07515799953599,1.02600016095718,1,1,0,0
-0.576900512943695,0.847493848781251,2,1,1,0
-0.698074021541793,0.2346336701158,3,1,1,1
-0.108146158564776,0.688092189649163,1,1,0,1
-0.81211199631396,-0.018260223849592,3,0,1,0
-0.211883070751908,-0.933233455439074,2,1,1,1
-0.110941006054173,1.12481990731995,1,0,0,1
-0.394326551990252,1.96630667715791,2,0,0,0
-0.199408085937109,-0.162105267468059,2,0,0,0
0.928147356679122,-1.2635702038201,3,0,1,1
0.844276860808086,-1.14313599620029,2,1,1,1
-1.14708401358347,0.939125587963794,1,0,0,0
-1.42522787379348,-0.532247375757589,2,1,1,0
-0.0461223227212959,1.8870043030951,1,1,0,0
0.241407846400162,0.470923695067535,2,1,1,1
-0.269634970075848,0.562749699574995,1,0,0,1
1.23285914496814,0.355547503743543,2,0,0,1
0.341595590175235,0.705423981631012,2,1,1,0
-2.38110785615618,-1.33508357963255,1,1,0,1
1.34592722154271,0.0314918844524847,1,1,0,1
0.662691920126894,0.29826356029089,2,0,0,1
-0.550220503847259,1.29996657693507,1,0,0,0
-0.665088037247622,1.80027525335045,2,1,1,0
-0.122116704723603,1.52217396454988,1,1,0,0
1.74858548487806,1.45796460726701,1,1,0,0
0.279837690119827,-1.56470883501742,3,1,1,1
0.0876254154810839,-1.1236438393938,2,1,1,1
0.131002177428468,-0.596119998986285,2,0,0,1
-1.11980185703059,0.527290538136632,2,0,0,0
1.53590108359692,1.84570687645405,2,1,1,1
0.332846858911919,0.343214960318218,3,0,1,1
0.699514241183408,-0.889595005877094,2,1,1,1
-1.11126394537162,1.07839831931195,2,1,1,0
-1.66479927628049,0.302025368205396,2,0,0,0
1.6621333263773,-0.072961141958835,1,1,0,1
-0.248249782545005,-0.632109575602479,2,1,1,1
0.805656090155342,-0.690510203539136,1,0,0,1
1.63089751034506,-0.274255201873831,2,0,0,1
0.793556120056718,-0.0688521030194727,1,0,0,0
0.609804834343219,-0.725713328431683,1,1,0,1
-0.556263973089409,-0.421985851143875,1,1,0,0
-1.33892416879055,1.25569710655868,2,1,1,1
-1.61777361492593,1.0696257855383,3,1,1,1
0.613524403828346,-0.102069157571095,2,1,1,1
-0.276769624940678,-0.964336150270012,3,0,1,0
1.32855076972728,-1.63361828065705,2,0,0,1
0.597221974064095,0.894083472685253,2,1,1,1
-0.227752236773344,-0.197130940370635,2,0,0,0
-0.270617612454827,1.13625845201706,1,1,0,0
0.836022214125166,-0.468818996805961,2,1,1,1
-1.63235199320475,-0.36843515420451,1,0,0,0
0.144674471920152,0.394462299991361,2,0,0,0
0.120601429720707,0.0213286472053375,2,1,1,1
0.899662287756297,0.110116376313341,2,0,0,1
-0.930876141263456,0.284280551889118,1,0,0,0
-1.80145563114338,0.316040141011866,2,0,0,0
0.143560199655613,-0.466689577940565,2,1,1,1
-2.31196041789184,-2.74090377509382,3,0,1,0
-0.276233898156522,0.630506605055007,1,1,0,0
-1.07472522158247,0.187486015985749,2,1,1,0
0.159633245239396,0.814678715845569,2,0,0,1
-1.15138601089621,0.640697568752416,3,1,1,1
1.91818562055491,-0.691664774759686,3,1,1,0
-1.57543715272497,-0.256656874011782,2,0,0,0
-0.0428001665474563,0.61073263505582,1,0,0,1
0.95350761157554,0.148895878945813,1,1,0,1
-1.7596206425588,-0.54230948758811,1,0,0,0
1.22222681320978,0.686346800712002,2,1,1,1
1.21697852995448,-0.488186586613386,3,1,1,1
-0.767706578794456,-0.599060157913347,3,0,1,1
-0.548548608042618,1.91502009721291,2,1,1,0
-0.395175158205571,1.01587225082475,1,0,0,0
-2.17172681411115,0.48110866532426,2,1,1,0
0.482392826243465,1.651794925438,2,1,1,1
-0.290821225772371,-0.888014893608742,2,0,0,0
-0.826218281129606,-1.3103925070742,1,1,0,1
1.60168936150048,-0.31850195333491,1,0,0,1
0.75618460924136,-1.38615476462564,2,0,0,1
-0.390254971295848,-0.16675608475343,3,1,1,0
-0.900119281357284,1.43666707580294,3,1,1,1
0.0583474541329222,1.86458521904411,1,1,0,0
1.19457698994942,-0.110530031501945,2,0,0,1
0.460305877094895,-1.13641969394261,2,1,1,0
-0.280451132993238,0.124694121784386,1,1,0,1
0.0154867832252063,-1.40086109333485,1,1,0,0
0.0712853375984303,-0.682851709591365,2,1,1,1
-0.182445106716062,0.268802232360949,2,0,0,0
-1.99354122444325,0.198555991050142,1,0,0,0
-2.9930792928566,-0.898690067152082,2,1,1,0
1.10278649119321,0.0658507825721742,1,1,0,1
0.792875002359642,-0.129520571695655,1,0,0,0
1.67302160728498,-0.119241397211733,2,1,1,1
-0.500248483028548,-0.229414491989031,2,0,0,0
-1.81024085171547,-0.68970415807293,2,0,0,0
-1.22353220829905,0.237953288618789,2,1,1,0
1.8654190452724,-1.41818163491665,3,0,1,1
-1.46430861923939,-0.40809344560873,2,0,0,0
0.592743392861331,1.55578701781048,2,0,0,1
0.593703298109756,-0.70010757189367,3,0,1,0
-1.55116463323546,0.683675441597452,1,1,0,0
-1.20761711344397,-0.521605073464801,2,1,1,0
-1.49702331598114,-0.113074475524561,1,0,0,0
-0.104030152954564,-1.46079782272214,1,0,0,1
-0.224496810488887,0.989213416446335,2,1,1,1
-1.73445220590167,2.85216087058616,2,1,1,0
1.84366841292437,-0.198584107003272,1,0,0,1
-0.116765133333798,-1.77908380206914,3,0,1,1
-0.870071044088315,-0.389349521043372,1,1,0,1
-0.821635034782813,1.33994427228938,2,1,1,0
0.27502879005496,-0.576602010549027,2,0,0,1
0.71759193498378,1.40002994347567,2,1,1,1
0.922460195245757,0.806649719257074,1,1,0,1
-0.665301705868588,1.43944611662617,2,0,0,0
1.4404157087006,-0.71569951902231,2,1,1,1
-1.34371243444004,0.53389507027215,2,1,1,0
1.69293210216117,-2.99634783991426,3,1,1,0
1.91663930188955,-1.1873953734162,1,0,0,1
1.11097624288744,0.216006267189913,2,1,1,1
0.0629376472224862,-0.112520828854194,3,0,1,0
1.63338729763688,0.270446841922744,2,0,0,1
1.83244647171257,0.0969422197088139,2,0,0,1
0.365546799036742,0.33590027581331,2,1,1,1
-0.898351895418721,0.897149055238769,3,1,1,0
0.615997079990938,-0.894912435757674,1,0,0,1
1.13147311176108,-0.240524204578339,1,1,0,1
-1.62775832640394,0.292796696121653,2,0,0,0
1.92530539371837,0.503470301737312,2,0,0,1
-1.02631491648814,-0.470181334041494,3,1,1,1
1.04027998239279,0.520093442094046,1,0,0,0
2.20339926561121,0.648318768912092,1,1,0,1
0.607511767715447,-0.842308403462114,2,1,1,1
0.0100250063257234,0.78088418847426,1,0,0,0
0.872748792345855,-0.827870763431545,3,1,1,0
-0.517073806590654,-2.93679305255344,1,1,0,0
-0.256199229733837,0.578951565033329,1,0,0,0
-0.694654687873395,-1.14459827310811,2,0,0,0
0.337967071791277,-0.288731941607143,2,1,1,1
0.364577909677823,0.394200087066114,1,0,0,0
-0.540047058966715,0.85461080877771,2,0,0,1
-1.55975008912841,-0.729106748433749,2,1,1,1
0.517518658059613,-0.403462127839625,1,0,0,0
-1.0261119690798,-1.09113951902264,1,0,0,0
0.857476134946804,-1.00214889732662,1,0,0,0
-1.47561585334344,0.862814832379039,2,0,0,0
0.321428771290133,0.981176569459859,3,0,1,1
-0.0466293413389448,0.37632666568499,2,0,0,1
-2.11048436814079,0.910434911469105,1,1,0,0
-0.666936616769274,0.784109010949462,2,1,1,0
-1.12493952235645,-0.241895126229589,1,1,0,0
-1.38840836094578,-1.04607416802461,1,1,0,1
-1.31456306270174,1.68275005577687,1,1,0,0
1.13618518105253,0.958954984514482,2,1,1,1
0.395514555500928,-0.198983506126281,2,1,1,0
-0.655223861341656,1.23432668994846,2,0,0,0
-1.22687832465864,-0.640301262741818,3,1,1,1
0.573072412422548,-0.869393424663254,1,0,0,1
0.69856978825366,-0.869249194872034,2,1,1,1
1.01723586163533,-0.479112505514943,2,0,0,1
1.89851756739444,-0.722877451341668,3,1,1,0
-1.51277398764295,-0.430903066409806,2,1,1,0
0.491802491433147,0.935099021723058,3,1,1,1
0.43697435168031,-0.909810686589666,3,1,1,1
-1.11126259076853,-0.340834668496645,2,1,1,0
0.732896439820114,-1.92752802602819,2,0,0,1
0.721540424688075,-0.414480131089311,1,0,0,1
-0.314834575147083,0.347185215564114,3,0,1,1
-1.15864020436147,-0.242512582209,2,1,1,1
1.90501967114985,0.247136604766903,2,1,1,1
0.489133041482965,0.822417154698109,3,0,1,0
0.59227924733031,-1.68443177064615,2,0,0,1
-0.00209115318704209,1.23653575305074,1,0,0,1
-0.910751908551655,1.04305097653115,2,0,0,0
-0.219760644647518,0.778434608261729,2,0,0,1
-0.163701216992329,0.4915003719417,2,0,0,1
-0.447260023316321,-0.572692645126114,2,1,1,1
0.743142199400261,0.707438185693971,2,1,1,1
1.47597555400489,0.440652837865284,2,1,1,1
1.2057272334136,-0.605814118400873,1,1,0,1
-0.0721521472222219,-0.824820684672273,2,1,1,1
0.793460305352233,1.72471364983331,3,1,1,1
0.213075772570415,-0.708596691708664,3,0,1,0
-0.356727324851917,-0.773499628394891,3,0,1,0
-0.514348477353316,-0.630193532369558,3,0,1,0
0.419272344435689,1.26738917394266,2,0,0,0
0.0436741723671319,-0.308608776130211,2,0,0,0
1.3655457179353,1.10372293067747,3,0,1,1
0.347421161178962,0.575672002120994,2,1,1,0
-0.572062367968964,-1.32942398002543,2,0,0,1
-0.18342118900969,0.286738257031898,1,0,0,0
-1.71203046581875,1.14561877665581,1,1,0,0
-0.378618722042649,-1.68245796882826,2,1,1,1
-0.202372972918711,-1.00558262416498,2,0,0,1
1.38036007839786,0.794083706396162,3,0,1,0
0.863436312096167,0.0582448112209653,2,1,1,1
0.478308299895436,-2.05714173818554,2,1,1,1
-0.584689541127389,-0.471498981790327,2,0,0,0
1.52769528316527,-0.969394420399475,2,0,0,1
-1.11056153582578,0.461516817502778,2,1,1,0
-1.30397471053012,0.441304162103402,2,1,1,0
0.022312002504354,0.867168654106146,1,1,0,0
-1.82127679589475,0.00252003870537662,2,1,1,0
-1.37613007333942,-0.627447218453411,2,0,0,0
-1.00676798478348,1.17689557861684,2,0,0,0
-0.0128650593307219,-0.639022726393875,2,1,1,1
-0.432707110175881,-1.34682419704806,2,0,0,1
0.133345899320709,0.713396226987934,2,1,1,1
-0.936481044759601,0.499279749356148,2,0,0,0
-0.849211559086976,-0.0784993561076331,2,0,0,0
-0.944002122206639,-0.197768213394397,2,0,0,0
-1.06296064538988,-1.15995317355727,3,1,1,1
0.480570449223502,1.90540748047288,1,1,0,0
-0.752569119294618,0.333863791351154,1,1,0,0
-0.282145587906952,-0.598045332843389,1,1,0,0
0.555406008183144,-0.78514436801222,2,0,0,1
-0.322640616623645,-1.11481436459264,2,0,0,1
-0.459571264649096,1.18889603966854,2,0,0,0
-1.4235892460582,1.27072489151613,2,0,0,0
-0.607806801910172,2.07989743643513,2,1,1,1
-0.792925676881443,-0.472102253984891,2,1,1,0
-1.08658933502696,1.47525095395727,2,1,1,0
0.815318874338397,-0.605638670272452,1,1,0,1
-2.38075682468312,-1.07121757643621,1,1,0,1
-0.0629563881513305,0.569401492285319,2,0,0,0
0.378527913494764,0.967260128409192,1,0,0,0
-0.236641590651168,-0.170395142440781,3,0,1,0
-2.28228595338771,1.49964667722502,1,0,0,0
-0.348457360317032,0.818707311643498,2,1,1,1
-1.0559441569658,-0.82405686307093,2,1,1,0
0.0537409472714369,-1.47961003372799,1,0,0,0
0.165037567689227,-0.298836919005958,3,1,1,1
-0.464670070445043,-0.177366297012166,3,1,1,0
-1.75334141869141,1.42978505956165,2,1,1,0
0.870828323299393,0.0301593889272772,2,1,1,1
1.95922697237562,0.879245072666231,3,1,1,1
-1.12158912322554,-0.13966755314959,2,1,1,0
0.0522246420495864,-0.340038967842384,2,1,1,1
2.02909643709284,-0.336283404866205,1,0,0,1
0.116147071559097,-0.259530114327849,2,1,1,1
0.288308295606014,-2.21248163852611,2,0,0,1
0.269343502802002,-1.52928050535252,2,1,1,1
-1.31090837254134,-0.19894439818227,3,0,1,0
-2.24599655223074,-0.0918508540160786,2,0,0,0
-1.20654461693436,-0.492304559978616,2,0,0,0
-1.09521162806226,-0.321920929360952,1,0,0,1
1.45869444094556,-0.297823064862967,3,1,1,0
-0.806471622268307,0.563221585143066,2,1,1,0
0.613502621104417,-1.58978995137363,3,0,1,0
1.34211422102697,-0.301064718632204,2,1,1,1
-0.644532989011416,1.41294788278324,3,1,1,1
0.378394035158499,-0.0239824793479795,1,0,0,0
0.970553586317023,0.0245909057439977,1,0,0,0
-0.506282742321839,-0.548834336286998,2,1,1,0
-0.7961057495972,0.473955209669724,3,1,1,1
-0.201059774478815,1.89540770464983,2,1,1,0
-0.0232033180029686,0.307346373391573,2,1,1,1
-0.137848681337448,0.420804950850308,2,0,0,0
0.65779907882391,-1.75898231329278,3,1,1,0
1.83205659602076,0.128729931686863,1,1,0,1
-0.676105961991325,2.28579687190597,2,1,1,1
-0.653064769334916,-0.496901212763765,3,0,1,0
0.16372277445499,-1.33554580450616,2,0,0,1
1.15852424236962,-0.507211938174844,2,1,1,1
0.96621400073242,0.00435698711692118,3,0,1,0
-1.3546511632033,-1.07893870285414,2,0,0,0
0.827414921768417,0.176712864384747,1,0,0,1
-1.27459750709636,0.0151115589937258,1,1,0,1
-1.22110885926236,1.28426850973771,1,0,0,0
1.14640062485728,-0.655706080021291,1,1,0,1
-0.49558729211543,0.212173308521143,1,0,0,1
-0.352867617441162,-0.480314877379787,2,1,1,1
2.19757425828907,-1.05412078671176,3,0,1,0
1.208620574108,0.509495458448599,1,1,0,1
-0.245274478384627,-0.503950411435903,1,0,0,0
-0.896251565385934,0.321575784739548,1,1,0,0
1.09528146138911,2.17044059466469,2,0,0,1
0.495285964366741,0.662102662848594,3,1,1,1
0.521959504337751,-1.27014901954615,1,0,0,1
-0.477672780821304,1.60703987951336,3,0,1,1
0.358508153645043,1.55850887149012,2,1,1,1
0.466419113070203,0.147234235701578,2,1,1,0
-0.0319868468807139,0.700860138453129,1,1,0,0
0.697771440566109,-0.0681561482893383,2,1,1,1
-1.54548826667742,-0.48442441932052,2,1,1,0
-0.226757982891947,-0.761554734430513,1,0,0,1
0.196724965573004,1.20864072548836,1,0,0,0
-0.58633875079695,-2.60905910588346,2,1,1,0
0.658074461149265,-1.40479606346378,2,1,1,1
-0.576151139761573,0.357773674318295,2,0,0,0
-0.47982664781526,-0.422521318069734,2,0,0,0
-0.956604169147701,-2.32674525122289,2,1,1,0
-0.132338966574396,0.159605052544475,3,1,1,0
-2.30833031099488,0.721252843493906,2,1,1,0
-0.693005115469867,0.242648405259981,2,1,1,1
-0.4003951923723,-0.266712789798145,2,1,1,0
0.844801817272871,-1.22328069289506,1,1,0,1
0.509115232730026,1.10286361214838,2,1,1,1
1.57322256263351,-0.461745076196324,3,0,1,0
-0.661959882418996,-0.532016801154836,1,0,0,0
-0.758319061327202,-0.457047213321058,2,1,1,1
-0.393252952641103,0.3724271082886,2,0,0,0
1.24045386756731,-0.464284712289306,2,1,1,1
-0.352119173806359,0.650261068546008,3,1,1,1
-0.0692095410574853,0.289069847688508,2,1,1,1
-0.0568614423651263,-0.661344435693753,3,0,1,0
0.688210763993637,-0.231486787711899,2,1,1,1
-0.827393713029824,2.02425893442107,2,1,1,0
-0.0201908929593984,1.55162715754519,1,0,0,0
2.33499373075338,-1.09800171996191,3,1,1,0
0.505430495249766,-0.890925016992683,2,0,0,1
0.361094505726553,1.46918815958683,1,0,0,0
-0.445913456786708,-0.656802537800713,2,1,1,1
-1.37485239614454,-0.81155136517335,2,0,0,0
-1.04515878568121,0.687409916578096,2,0,0,0
-1.34713238518126,-1.15409040160514,1,0,0,1
-0.114143256210131,0.382981695616124,2,0,0,1
-2.54601895480312,1.24299537482613,3,1,1,1
1.69437001173435,0.335835530818464,3,1,1,1
0.244540805107997,0.4151245285125,1,1,0,1
1.70717938784197,0.0284903348123625,3,1,1,1
2.52452035287074,-1.28381106655423,2,0,0,1
-0.338523328334313,-0.0052986629555992,3,0,1,0
2.38695259151729,0.35528132993292,2,0,0,1
0.00379156012288849,1.11873802176895,1,0,0,0
-0.654934155548609,1.46322045141468,1,0,0,0
0.75522882897474,-1.30712581086603,1,1,0,1
0.308294030697836,-1.37797473528412,1,1,0,1
-1.13342580671748,-0.0382267753850814,2,1,1,1
0.267239629280647,1.6660793334762,2,1,1,1
-0.420085328032203,0.905494677557954,3,0,1,1
2.27339505340225,1.15061493393368,2,1,1,1
-0.700276776704529,0.917781662713118,3,1,1,1
-0.0572418860361443,-0.642243029864793,2,1,1,1
-0.409411157048481,1.24992515228615,2,0,0,0
1.56894655074415,-0.713954522134652,2,1,1,1
-1.29966278451434,-0.00167946720166674,2,1,1,1
-0.264568809595575,0.8116566450979,1,0,0,1
-0.838902650874556,-0.644138503597897,3,1,1,0
-0.376693140729777,-1.33106114840828,3,0,1,0
-0.173276734932204,-0.0629865088617809,1,0,0,0
1.40439129229289,-0.234979113852874,2,1,1,1
-0.0953080230263531,0.370097932646751,1,0,0,0
-0.660542048465017,0.0814505700182817,2,1,1,1
0.997447557629273,-0.64319109411469,2,1,1,1
-0.228485507641088,-1.20901281424888,3,0,1,0
-2.04285716983997,0.822511439471014,1,0,0,0
-1.96146889624179,-0.851340786778991,2,1,1,0
0.118028364867192,1.20035735983188,3,0,1,1
0.698141060125086,4.37704522370037,3,1,1,1
0.302224194021204,-2.25235506911982,1,1,0,1
-0.365192068239086,-1.52745684546236,2,1,1,1
-0.592724440919604,0.505446516206412,1,1,0,0
1.04612452309449,0.286787924860391,2,1,1,1
-0.00370908403690257,-0.798743651332011,1,0,0,1
-1.54808493088711,1.72677801719426,1,1,0,0
-0.894150167741902,-1.27002282799487,2,1,1,0
1.18431222405049,-0.864149204930811,3,0,1,0
-0.45258792944598,-0.00185865413113374,1,1,0,1
0.665010236442161,-0.616067587552423,1,1,0,1
-0.210598794846152,-0.0855377241134212,1,1,0,1
-1.22951281682437,-0.527493824135512,2,0,0,0
-0.685659582530234,-0.157754965559207,1,0,0,0
-0.27354626102341,1.2411028357443,3,0,1,1
0.409616156711403,1.22857114978746,2,1,1,1
0.197860257340926,1.01500783217463,1,0,0,0
0.519953917262294,-0.111386672267881,2,0,0,1
-0.618571777380889,-0.122031813485709,2,0,0,0
0.757505920920078,1.33235484274783,3,0,1,0
0.0509549739043318,0.679786782435955,1,0,0,0
-1.0561138885287,0.763236874606204,2,1,1,0
-1.08348982553849,1.36995570075397,2,0,0,0
-0.905957580841463,-0.59038672653598,2,0,0,0
0.00965679509436485,-0.238384216149399,2,0,0,1
0.0812128774780151,0.107987662190991,3,1,1,0
-1.45053388022122,-0.20737673097884,2,1,1,0
0.143299096316075,-0.355925019468202,1,1,0,0
-0.520124182753433,1.53744819447635,3,1,1,1
-0.750221049998215,-0.443027388606339,1,1,0,1
2.04905140858676,-0.0212456097461046,3,0,1,1
-0.616169520177058,-0.25119954361242,1,0,0,0
0.945940420573171,-0.550708246508544,2,0,0,1
-1.43272325266128,-1.10986445368227,3,1,1,0
-0.583920572206289,1.10672780176458,2,0,0,0
-0.571464708978127,0.122101040337972,2,0,0,0
-1.07844625475825,-0.835403800157973,2,0,0,0
0.269454009127441,-0.275446580324269,2,1,1,1
0.715970259779801,-1.10661306418612,3,1,1,0
1.48263095962192,0.850687386646333,2,1,1,1
0.556294220339173,-0.493703162149641,1,1,0,1
0.23158865073529,0.706139484355693,1,1,0,1
-0.712198153355398,1.1117259219925,1,1,0,0
0.176007891494377,-0.344466143884407,2,0,0,1
1.48533668897837,0.714594679535285,2,0,0,0
-1.0556573931232,-0.507453615267167,2,1,1,1
-0.442727055998225,0.291498129962594,2,1,1,0
-0.453824116562536,3.18291475036215,3,1,1,1
-0.243147589337501,-0.71182992435037,2,1,1,1
0.89392806900267,0.777169375623754,3,0,1,0
-0.262585550747684,-0.215946654576803,2,0,0,1
-0.0905425923184872,0.890625475041574,2,0,0,0
0.329996457055555,-1.01262291410915,2,0,0,1
-0.303135060140406,1.13131704318497,2,1,1,0
-0.38184532660411,-0.222572392563777,2,1,1,1
-0.571365927762711,-0.924835018583569,1,1,0,1
2.02781666206999,0.130853527284882,3,1,1,0
-0.595990102979772,-0.542830730150603,2,0,0,0
0.868872122391835,0.863591327363751,2,0,0,1
1.02940335159754,-0.350470809939548,2,0,0,1
0.00260940086627292,0.18242074672419,1,1,0,0
-1.33733849916576,0.878524791760499,2,1,1,0
-0.0909495960310159,0.418594714739824,2,1,1,1
0.877709325414414,-0.272583465833432,1,1,0,0
0.107851975326653,0.013654990151934,1,0,0,0
0.388935538527549,0.505096581895025,2,0,0,1
-0.117020951304676,0.430714960402113,2,1,1,1
0.246597363310112,-1.02789573671002,2,1,1,1
0.745353935412982,-1.62140560521516,2,1,1,1
-0.256802814192791,1.53143274787831,1,1,0,0
0.789437736320819,0.873878909724289,3,0,1,0
0.378772160815526,-0.362079479073319,2,0,0,1
1.17923365364804,-0.647706485946424,1,0,0,1
-0.383642546012922,0.622392227986176,2,0,0,0
-0.463523430753066,-0.984729049832878,2,0,0,1
-1.70132649597984,-1.20994201273899,3,0,1,0
1.32913441151638,-0.106186748244958,2,0,0,1
2.78274135042191,0.131273616789346,2,1,1,1
-1.90485314214051,-0.135646374522496,2,0,0,0
-0.690467369611367,2.11578019387031,1,0,0,0
0.18358014860924,-1.92049338358157,2,1,1,1
1.45781732457555,-0.163221011226066,2,0,0,1
-0.562005665264218,0.346160023889375,3,0,1,1
-0.0777980709111395,1.46542316260191,2,0,0,1
-0.978480731174578,0.824410289332767,3,1,1,1
0.61897310763197,1.06256884601837,2,1,1,1
-0.564811074860049,1.09689136961939,3,0,1,1
0.394160934045272,-2.6119525593549,3,1,1,0
0.479296729768312,-0.380119565136626,2,0,0,0
0.505193386965455,-1.3708786577098,2,1,1,1
1.01865954566852,-0.0741272924789898,2,1,1,1
-0.132331853585463,-1.05666178901644,2,0,0,1
-0.754779544785839,0.118557502320357,1,1,0,0
-0.507670150334398,0.629184887876387,3,0,1,0
-0.351986625055008,-3.10180388005672,2,0,0,1
0.687281806958811,2.56193237541387,1,0,0,0
-0.487515388789049,-1.6895255036336,2,0,0,0
2.65327875087433,-0.70353208852225,2,0,0,1
0.0220660751943279,0.806441010637066,3,1,1,0
-2.09768283586438,0.152107395664357,3,1,1,1
1.95379489370184,0.415562221824798,2,0,0,1
-0.13336412528304,0.136538737752984,2,1,1,0
0.566348356828777,2.53691055491496,3,0,1,0
-0.610007295172338,0.103421223000704,2,0,0,0
-0.651656630851709,-1.59892355574452,1,0,0,1
-1.42617582938805,0.284024279735355,2,0,0,0
0.20929109987471,-1.03875686601317,2,1,1,1
0.0694711104644927,1.80972038718478,1,0,0,0
-0.432460878696271,-0.919795462744834,2,0,0,1
1.16440225292544,0.800531485310376,1,1,0,1
-1.05669380784152,1.67770804468979,3,1,1,1
0.0472535180505026,0.053529427022529,1,0,0,0
-1.07051070446181,-0.355394900010039,2,0,0,0
0.405508579116752,-0.873035143973351,2,0,0,1
-0.527303916255995,-2.11997231614345,3,0,1,0
-0.221343260317879,-0.432689111984548,1,1,0,1
-1.3464414578419,-1.63839751818356,2,1,1,0
1.34321014654718,1.28171099514506,2,1,1,1
0.510629220838806,0.820273282031563,2,1,1,0
-0.932897891089653,-0.185357453795549,2,1,1,0
0.907008066765797,-0.114862416993452,2,1,1,1
-0.0381047546325866,-0.142632814015104,3,1,1,0
0.176119312269416,-1.08247875428607,2,0,0,1
-0.412701216773606,-0.271085205656038,1,1,0,0
-0.056477020552498,-0.756250714468959,2,0,0,0
-1.00855092619718,-1.32637712798735,2,1,1,0
-1.60630200404867,0.525890816836908,1,1,0,0
-0.581503214731108,-0.48754435200179,3,0,1,0
0.321571388218345,1.13825077960497,3,1,1,1
-2.05667185028814,1.21513438125462,2,1,1,0
-0.197881207158534,-1.81057316650772,2,0,0,1
-0.679892892073572,-1.45084028987469,3,1,1,0
1.11415208264816,-0.762925230110861,1,1,0,1
-0.193683886278208,-0.481679925267701,2,0,0,0
-0.275522564630065,1.0499091882721,2,0,0,1
-1.02235186603481,-0.709715532418802,2,1,1,1
2.17089624085739,-1.60280586911844,3,1,1,0
-1.61684746623932,1.13429375939607,1,1,0,0
-2.39370235123114,-0.672461772735851,1,0,0,0
-1.01837997840905,-0.183047855804388,2,1,1,0
1.07369323162191,-1.27695968058273,1,0,0,1
-0.803535037173986,-0.307168834536456,2,0,0,1
-0.599396232696789,0.345244559218044,2,1,1,0
0.39783981430011,-0.19532634548287,1,1,0,1
0.533776507924628,-0.981446112354338,3,0,1,0
-0.385034207054929,-0.659452984404802,2,0,0,1
-1.95279689998424,0.128368206943,3,1,1,1
1.74963954192355,-0.29565839047366,2,1,1,1
-0.21036495179705,-0.586543590158595,3,0,1,1
2.37753690796943,0.528050143367515,2,0,0,1
0.0189527007845541,-0.915857806769762,2,0,0,1
-0.0951531280910704,-0.650220336842809,2,1,1,0
-0.982558573622737,0.980578895601834,2,0,0,0
1.07586679051715,-0.246569709716629,2,1,1,1
-0.476610199367973,0.590828068617292,2,0,0,0
-0.410416719059539,1.96496274406585,3,1,1,1
0.979744585483078,-0.00275502525758999,3,1,1,0
0.166915356716103,-0.38895448492146,2,1,1,0
0.627541760562883,-0.0929842143884523,3,1,1,1
-0.196502257869607,0.48962806544672,3,0,1,0
1.16677804195345,0.197404171520841,3,0,1,0
-0.530953512938202,0.506004416796386,2,0,0,0
1.01748380344554,-1.41007446582852,2,1,1,1
0.855873061989945,-0.867130651971273,1,0,0,1
0.936917534456108,1.24762888877175,2,1,1,1
0.708454012035235,-0.34103410637616,1,0,0,1
-1.97754894826382,-0.0243408584861162,2,0,0,0
-0.329193857030676,-0.193723682005085,2,0,0,0
-1.07155356670906,1.15939105803381,1,0,0,0
-2.18932120967205,-0.559546363312315,1,1,0,0
-0.798637000631099,-0.0205224572513119,2,1,1,0
0.523708494687898,0.814424350817909,3,0,1,1
-0.62569695825158,1.20167066101613,2,0,0,0
0.652181247910954,0.473454714311768,3,0,1,0
0.133759276187033,-1.75255518257324,3,0,1,0
-0.861551435378429,-1.39007028440838,1,0,0,1
-0.588769242202248,-0.503248483055114,2,0,0,1
-1.01531144559568,0.141303257371194,3,0,1,0
0.127117167592805,-0.281173987700013,1,0,0,0
-0.244286047882614,-0.29286555866984,1,1,0,0
-0.613081148401713,-0.820687669375855,2,0,0,1
0.558694942675031,-0.23915808870973,2,0,0,1
0.437936490594389,-0.667852616334528,1,0,0,0
-1.06867634324816,1.29724538484009,2,0,0,0
1.42461039656251,0.427877009097178,3,0,1,1
0.89023942025834,-1.02935880176004,3,0,1,0
0.461511700597371,-0.893881336996704,1,1,0,1
0.763836476965283,0.101746084390263,2,0,0,1
-0.53485345138521,-1.33002365328005,2,1,1,1
-2.87299600764204,-0.284681735663863,2,1,1,0
1.26149291822213,0.46547606799404,2,0,0,1
0.98511252396114,1.58338700847874,3,1,1,1
-1.81264874667763,0.268985589802134,1,1,0,0
-0.486067635766544,1.70336494244888,2,0,0,0
0.419810533813201,-0.771998687547713,2,1,1,0
-0.191289823665066,0.642019647326218,1,0,0,1
-0.430254506606997,-1.33477689364907,1,1,0,1
-0.293058497312081,-1.17751650826974,1,1,0,0
1.07035900273734,-1.33397048143957,1,1,0,1
0.542942745860772,2.07325720105183,1,0,0,0
-0.807608083783248,0.0200289060546497,2,0,0,0
-0.51678219307994,-1.66585025099974,3,0,1,0
0.208183989414671,0.650984170135018,3,1,1,1
1.00996082755932,-1.82955896660091,2,0,0,0
1.05969811439847,-0.174078318480054,2,0,0,1
0.707356967942393,-0.602638557841234,2,1,1,1
-0.568011761082992,-2.38392411895127,2,0,0,1
0.0803540110583426,0.721193474178368,2,1,1,1
0.807860231747877,0.726263625774532,1,1,0,1
-1.3198972219579,-0.172720993534381,3,0,1,1
-0.95921364985755,1.98285118071766,2,0,0,0
0.249330681476772,-0.827035668956561,2,1,1,1
-1.24710285160447,-2.47848266114974,2,0,0,0
1.34692366681045,-1.34405019012005,2,0,0,1
-0.0858103613759801,0.252250839892782,1,0,0,0
1.16042718261865,-1.09514471936918,1,0,0,1
-2.37305634355277,-0.0941913834527069,2,0,0,0
0.524205699630936,0.0259178630518652,2,0,0,1
-0.0711482337374542,-0.209647013968491,2,1,1,0
-0.456038555875063,-0.239426377124711,2,0,0,1
1.12990536184349,1.10124120545173,1,0,0,1
0.519658890164127,-0.715359364827839,3,0,1,0
1.07271211125166,0.350194574111804,2,1,1,1
-1.65349469728965,0.304755724733979,2,0,0,0
0.342963470424047,-0.162298839614038,2,0,0,1
1.5766882036815,-0.95285489371935,2,0,0,1
-0.183214240559557,-1.06824018618466,2,1,1,1
1.09015188328967,-1.95296648028052,1,0,0,1
2.12230206190887,-0.902146360293655,3,1,1,0
-0.0443746358434946,-0.659996938942862,1,1,0,1
1.53976640392,-1.43497064787314,1,0,0,1
-0.0818934630732132,-1.13731432905392,1,1,0,0
-0.149627185447641,-1.26063242701542,2,1,1,1
0.421194106815615,0.249176770331963,2,0,0,0
-1.37927278090249,0.472864641231796,1,1,0,0
0.186051117310852,0.18100372221633,2,1,1,1
0.207886442214106,0.629167739979982,2,1,1,1
1.48596828790556,-0.739088094730542,1,0,0,1
0.364335315461895,0.0213926555932674,2,0,0,1
1.81670247466951,-0.599463988112608,1,0,0,1
-0.990872239927674,1.36036820287297,1,1,0,0
-0.2701895906165,-1.42868866858339,1,0,0,1
-0.22659279170376,0.985351010585213,2,0,0,1
1.58643875956286,-1.02992253248472,1,0,0,1
1.18514395933621,-0.258494874430521,1,0,0,1
0.47122718146502,-0.681805494919955,2,0,0,1
0.144375031211982,0.121753641741825,2,1,1,1
0.353151480108166,0.24808208888292,1,0,0,1
2.14947232209076,-1.5896175158309,2,0,0,1
1.15353508538209,0.736122981926854,3,1,1,1
-1.45284327309533,-1.09823392714563,2,0,0,1
0.604025610205405,-0.616070047948291,1,1,0,1
-1.64820296855677,-0.652262827534941,2,0,0,0
0.663728368394833,-1.02571272066148,1,1,0,1
1.93899261148741,1.72449887004607,1,0,0,0
-0.995244003382451,2.02180891608804,1,1,0,0
-1.17293695944937,-0.118332902982923,3,1,1,0
-0.838714353800555,1.28791767387132,3,1,1,1
-1.78553004842369,-1.46410922198202,1,0,0,0
-0.125181549242002,-0.469967832207102,3,1,1,0
0.639023208152549,-2.16406132131677,2,0,0,1
-0.0160890655876374,0.27345641044458,2,0,0,0
-0.630106900465166,-0.653768234279467,2,1,1,1
-0.111393661471392,1.81577376770368,2,1,1,1
0.936580593395723,0.20867971959533,1,0,0,1
-1.40682373429031,0.778301936668585,2,0,0,0
0.161342145196258,0.421206023351736,2,1,1,1
0.816929788148411,-0.532812109300215,2,1,1,1
-1.78524199437264,-0.258733331020188,3,1,1,0
0.777866918122385,-0.844229762996809,1,0,0,1
-0.287085563981148,-0.0580787197844663,2,1,1,1
0.418731690399834,1.46578301472583,1,1,0,0
0.774568542602519,-0.154229417229732,1,1,0,1
-0.0783276433014057,1.4315673020875,2,0,0,0
1.27380129785296,0.168600028338416,1,0,0,1
-1.11497025237366,-0.966511225091708,2,1,1,0
2.13730627942295,1.4396226107609,1,0,0,1
-1.20883957451055,0.886683497056885,2,0,0,0
-0.729128854836683,-0.75815443935146,3,0,1,1
-0.238254129208856,0.261297623484392,2,1,1,1
0.0548088018179891,-0.669016741599897,2,0,0,1
-0.230977339842185,-1.0739197496151,2,0,0,1
0.275852154910895,-0.143240838208706,1,0,0,0
0.156082583552942,-0.912072781566001,2,1,1,1
-0.0623139780273914,1.23630143784812,2,0,0,0
1.66675346470782,0.45985647987885,2,0,0,1
-0.330140637752587,-1.36794073066344,1,0,0,1
1.06738144187102,0.404486153557097,2,0,0,1
-0.158997039802573,-0.471384664345462,2,1,1,1
-1.21036571049891,-1.18779527390725,1,0,0,0
-0.0247920997807241,-0.184106198601792,2,1,1,1
-0.0251104035248442,0.308684068594456,2,0,0,1
-1.39475994674539,1.00593788041149,1,1,0,0
-1.76393258569458,-0.632276970605705,3,0,1,0
-1.38606764581396,0.611254617404231,2,1,1,0
-0.606640170264544,-0.158517146488133,1,1,0,1
0.452260620672334,0.411736993347727,2,0,0,1
0.240779081494691,0.123172720848369,2,0,0,1
0.372508341446969,0.97775319517383,2,0,0,1
-0.226004911925489,0.271158090108022,3,0,1,1
-1.25980846240538,1.64916867288037,2,0,0,0
0.394882611553185,0.555281813174326,2,0,0,1
-0.17169652959744,-0.908908182060632,2,1,1,1
0.385262945706692,1.46221827535056,2,0,0,1
-0.222465880753375,-0.489858191980113,2,1,1,1
-0.233112858929248,0.0238183370178391,3,0,1,1
0.406386328614599,0.469649876554333,1,1,0,0
-0.337014996516467,0.900971706092605,2,0,0,1
0.808274370581789,-0.154097062178006,2,1,1,1
0.227751292382813,-0.338605764555008,2,1,1,1
-1.89934355276967,-0.659942159475297,2,1,1,0
-1.50346961916624,0.136855261414918,2,1,1,0
0.132581980237595,0.0273248041149664,1,1,0,0
-0.844466860814595,0.214415524855294,1,1,0,0
0.480623566765824,0.96791202153121,3,1,1,1
0.797667376295911,0.901508426900373,2,1,1,1
-0.268012559944022,-0.0153085862374018,1,1,0,1
0.90155173394465,0.725212150671038,1,1,0,1
1.40983875829882,-0.0338363440483269,2,0,0,1
1.13998682215429,-1.09599162407833,2,1,1,1
-1.45495172962451,1.59420568293047,3,1,1,1
0.36805063285668,0.801718176082162,2,0,0,1
-0.541303583910001,2.32256653644006,3,0,1,1
1.29643858773375,1.58015735168416,2,0,0,1
1.55406322353651,0.585355174565914,2,1,1,1
-0.762279270902921,-1.23049823699087,1,1,0,1
-0.236841447340053,-2.20412761455825,1,0,0,1
2.55797490788334,-0.9743472984241,1,0,0,1
-2.14786958689358,0.720836399726497,2,0,0,0
0.494905549422601,-1.52070650243283,1,1,0,1
-0.0467289349258481,-1.78833156699149,2,1,1,1
1.84588588497977,1.77876282839091,2,1,1,1
-1.52007156520607,-2.34568527096073,2,1,1,0
2.16971191983918,0.605042459380688,2,1,1,1
0.672529310409078,-0.996267934816059,2,0,0,0
-0.530064327424583,-1.38547082195429,2,1,1,0
-2.18266027791418,-1.19377552193392,2,1,1,0
-1.20863638034618,-1.36356030534813,2,1,1,0
2.32760960137672,1.10752960766186,2,1,1,1
-1.05769369491772,-0.90281926787379,1,1,0,1
1.85605529113725,-0.352686373309589,2,1,1,1
-1.56212224998493,-1.22166264948009,3,0,1,0
0.717244780584161,-0.153091478984417,2,1,1,1
0.232955291098164,-1.31629943158802,1,0,0,1
-1.57284599456161,-1.05988425662692,3,1,1,0
-0.913132523456705,-0.709698133278492,2,1,1,0
1.43240522144586,0.189846980845528,3,1,1,1
0.119442194159458,-1.79387790200593,1,1,0,1
-0.687290314469452,0.308102330266839,3,1,1,1
0.476443711143668,-1.6660569340577,1,1,0,1
0.495336183602759,-0.278131123509746,1,0,0,1
-1.84141047282051,-1.78300338572281,2,1,1,0
0.185435492273281,-0.467049610214835,2,0,0,1
-0.579957430322965,-1.0523851324656,2,0,0,0
-1.47330113353118,-2.18933662719004,3,0,1,0
-0.868021984463383,0.348350060653599,1,0,0,0
-1.12039933734553,0.307486551372651,1,0,0,1
2.31035530353497,0.608765835759995,1,0,0,1
-0.984328082272579,0.179164884163249,2,1,1,1
1.69221145758521,0.85897784328841,3,0,1,0
0.0469772223392263,0.157572760103044,1,0,0,0
0.675894363711277,0.861437929690819,3,1,1,1
-0.315907522036693,0.405345882090364,3,0,1,0
-0.743054285719884,0.242884793487384,1,1,0,0
-1.46643774058935,1.3284518586599,2,1,1,0
0.0211820844533134,0.966270457104179,1,1,0,0
-0.262711811393576,0.732863251030419,1,1,0,1
0.615001670773059,-1.15794407747935,2,0,0,1
0.65524754879794,-1.19236595819215,2,0,0,1
-0.13331065060537,1.25661073692732,2,0,0,1
-0.0945435907797621,0.891907199067159,3,1,1,0
-0.740384472723057,0.656673769903129,3,0,1,1
-1.32695005318446,0.270695283362018,1,1,0,0
0.463016514971668,0.641231481069263,3,0,1,0
-0.737807854393904,0.511458440689203,2,0,0,0
0.289605024783972,1.21333472283111,2,1,1,0
0.355779496314256,0.877305475123162,2,0,0,0
0.397031896423361,0.348658202554088,1,0,0,1
0.399370304786752,-1.07203628726424,2,1,1,1
-0.756529688431168,1.87398953072936,3,0,1,1
0.774021405780321,0.264828880375692,2,0,0,1
1.3205580651857,-0.143201527104972,2,0,0,1
1.53375083201629,0.946120656127579,3,0,1,1
-0.637571512694836,0.108855940023471,2,0,0,0
-0.201204956010383,-0.0492012304132867,2,1,1,1
-1.355936138667,-0.622424247541502,2,1,1,0
-0.107971680868712,-0.0975389297831317,1,0,0,0
-0.252632938390859,-1.2124581578796,3,1,1,0
0.128801250695795,0.639626972016277,2,1,1,0
0.831308766516687,0.195805799157394,2,0,0,1
-2.2048737308574,-0.0202559830899929,1,1,0,0
-0.0373306960174028,1.83316701137205,3,0,1,1
-0.0493850455562034,-1.38090454075447,3,0,1,0
2.68485947656933,-0.760986835857516,1,1,0,1
2.31401157806429,-0.106790413144861,2,0,0,1
-0.907296370131047,-2.91914357742772,2,0,0,1
0.606106892740376,0.56955319228049,2,0,0,1
0.81104488835101,1.68630859067518,3,0,1,1
-1.77288004634742,-0.744179343070448,1,0,0,0
-0.742005898557235,-0.665660790302637,2,1,1,0
0.568394178481187,1.49247760150096,2,0,0,1
0.322670844333072,2.95345291922373,2,1,1,0
-0.115898623382005,1.64143795543891,2,1,1,0
-0.103323487423134,-0.646816404929565,3,0,1,1
-0.246954477286449,-0.726222471629372,1,0,0,1
0.582420610205851,1.65927671973716,2,0,0,1
-0.406689950337462,1.12790962958947,2,1,1,0
1.09546626459824,0.265022828466562,3,1,1,0
-0.903335230631643,-1.4226570824573,2,0,0,0
0.318869757292191,-0.473254414713641,1,0,0,1
-0.070486961685895,0.165112492718347,1,1,0,1
0.71346250398556,-0.674012967171855,1,0,0,1
1.79788191385412,-0.147296869196765,2,0,0,1
1.1999328554269,0.877386493692839,1,0,0,1
0.51700516789663,-2.21581697539296,2,0,0,1
-1.7291652118312,-0.124696611008932,1,0,0,0
2.5620814151344,0.00713635471474476,1,0,0,1
0.101217019486516,1.07524864524333,2,1,1,1
0.218091671297747,0.972767619098644,2,0,0,1
-0.236292859526143,-1.70968693643001,2,1,1,1
1.76770908243128,-1.03680931174906,2,1,1,1
-1.18958785010522,-0.694285464310209,2,1,1,1
0.135865406863988,1.66316068580021,2,0,0,1
-0.941557076742685,-0.682576046181588,2,0,0,0
-0.471852244716565,1.50773479232407,1,1,0,0
-0.626966835725338,-0.0580493086828026,3,0,1,0
-1.17326291780771,-0.545651296400903,3,0,1,0
-0.81830192858691,0.290076327934593,2,0,0,0
1.4814465692694,-0.569153540041817,1,1,0,1
-0.343005405600631,0.918373391256402,1,1,0,0
0.372697210321034,-1.67777197094942,2,0,0,1
-0.0107262327835299,-1.89113690891224,2,1,1,1
0.0679182303580184,0.15190576159493,2,0,0,0
-0.539529239748512,-0.68955149919128,1,1,0,0
-0.459192361986659,0.521280616823292,1,0,0,0
-1.21307575785633,0.018396930109636,2,0,0,0
0.417055446496342,-0.116192581617312,3,1,1,0
-1.06103135309802,-0.109022155086718,2,0,0,0
0.473696793257558,1.04459312306133,3,0,1,1
0.477852836541667,1.59093673870416,1,0,0,0
-0.352436163831234,-0.00644097137577058,2,0,0,0
1.55940668441628,-0.650720248066798,2,0,0,1
-0.111003918696836,-0.529114021142225,2,1,1,1
0.256238945310246,1.18692127036823,1,1,0,1
1.0737030943111,-1.14988180565679,1,1,0,1
0.189255050597497,-0.122167972470859,2,0,0,1
-1.75127638065622,-0.0922668599066171,1,1,0,0
0.702915491888164,-2.08083961077145,3,1,1,0
-0.207718437356067,-0.796242612416972,2,0,0,1
-0.275317426578716,-1.35092558702327,2,1,1,0
-0.225015046506459,-0.53304043432756,2,0,0,0
0.545725213461039,0.164887035818092,1,0,0,1
-0.141763592154253,1.76133065976855,1,1,0,0
-1.14537352564329,1.03852163171962,2,1,1,0
-0.233046781596371,-0.265049576024258,2,1,1,1
1.00110184100128,1.89944105341877,2,0,0,0
1.14032772113635,0.724481623538025,1,1,0,0
0.202223230458865,0.263545103692893,3,1,1,0
-0.850779968122655,-0.882143436353347,2,0,0,0
-1.3210428384689,-1.43055818297132,3,0,1,0
0.704820038892649,-0.429776316566164,1,0,0,1
0.353715988516852,0.637246316047013,3,0,1,1
-1.68072430435505,-0.592819762385451,2,1,1,0
1.51604092621728,-1.59508621061177,2,1,1,1
-0.274546038717889,-0.415268449442848,2,0,0,0
-1.12900106648012,0.194753730098835,2,1,1,1
1.67107456256663,0.638974662754347,2,1,1,1
-1.074242025252,0.0856466761995794,1,1,0,1
-1.40975677430831,0.135206200764175,1,0,0,0
-0.327550626307589,0.131594419518035,2,0,0,0
-1.83778573276006,0.351123049897086,2,0,0,0
1.63754940582563,-0.648390769389734,1,1,0,1
-0.549580390363256,-0.307922208889852,2,1,1,0
-0.297427579057624,-1.45033273278798,1,1,0,1
-0.801881668643192,-0.217742035360123,2,1,1,0
0.0815757467546303,1.12606615424531,2,1,1,1
1.17750303545478,0.138179877005229,3,0,1,0
-0.559952834185301,0.307265519359263,2,1,1,0
-1.34039172620273,-0.432921192747139,2,1,1,0
0.246634071164347,-1.32468864177817,1,1,0,1
0.972730229321229,-1.21800776334475,2,1,1,1
0.908740379449495,0.800997879058777,1,0,0,0
0.619466700717325,0.221624344495079,2,1,1,1
-0.784920463845292,0.657491024938302,1,1,0,0
-0.540254760370601,-0.622041507126173,2,1,1,0
0.638503003296564,-1.36654752160468,1,1,0,1
1.88323015993463,0.771772462287606,2,1,1,1
0.912084312718658,1.7481963303464,3,0,1,1
-0.703356600523313,1.09457114915243,2,0,0,0
0.338804688706936,-0.0478494617046007,3,1,1,0
1.4065598830731,0.311954704478707,1,0,0,1
-1.12273611335207,0.582535436663881,1,0,0,0
-1.11310580777513,-0.460769165658326,2,0,0,0
0.643681878365636,-0.76031913368738,2,1,1,1
0.816599180449181,-0.335211875650717,2,1,1,1
0.86908150409718,1.48408565833764,2,0,0,1
2.49140228938469,-0.988106307418474,2,0,0,1
-0.617251232596751,0.396865399062675,2,1,1,1
-0.305782544710415,1.18370172159347,2,1,1,1
0.903689551632092,0.593534049086857,2,1,1,1
-0.26587632584582,-0.660355685621365,1,1,0,1
1.16305161628364,0.538891306992387,2,1,1,1
-0.763268188737539,-1.32301112246866,2,0,0,0
-0.302200676408024,0.318551247187185,2,1,1,1
-1.37987001070396,-0.84774365273139,3,0,1,0
0.298198199558444,0.9245222443948,1,0,0,0
-1.0927822672818,1.53974244211265,1,1,0,0
0.25405765945515,1.1873921780586,1,1,0,0
1.19770021467307,0.489662593119653,3,0,1,1
1.04195745040148,0.417602244489788,2,0,0,1
0.0728724974756464,-0.42036812942814,2,1,1,1
-1.35164171572216,-0.945815937681562,3,0,1,0
-0.195735678134206,1.07272252102484,2,1,1,0
0.62495724787544,-0.736911039649037,2,0,0,1
1.47415769722382,0.285282200978698,1,0,0,1
-0.885313772739231,0.514774981476557,2,0,0,0
1.00076470843103,-0.95605502868865,2,1,1,1
-0.00786194940390608,0.607595403955756,3,1,1,1
0.340566491351962,-1.43551756534961,3,1,1,1
0.0483841595038181,1.33757381276472,1,1,0,0
-0.776668984364151,1.38081110202673,1,1,0,0
0.768497612572818,0.294757284885405,2,0,0,1
0.382177698184991,-2.30734697029437,2,1,1,1
0.838368122852572,0.65281954534193,1,0,0,0
0.407448736464673,0.163652566622656,1,0,0,1
0.344163558933927,0.013757635484455,1,0,0,0
0.135711722484161,0.163925100740869,1,0,0,0
0.0775874504856953,-0.201770481524824,1,0,0,1
-0.640289459898994,-0.022795642998274,3,1,1,1
0.63189245492704,0.173922100232326,1,1,0,1
1.38290416204685,-2.41067457908008,2,0,0,1
0.0157122216513594,2.13824071819606,2,1,1,1
1.19219766225547,-0.519384613110334,1,0,0,1
-1.98650765145489,-0.243912758914128,1,0,0,0
-0.942109581554051,2.69451066205326,3,0,1,0
0.727637016881411,0.204222538142572,2,0,0,1
0.369386846024637,-0.886406496613364,2,1,1,1
-1.30982877230483,0.488047662828021,2,0,0,0
-0.298129087382674,0.487550919892182,2,0,0,1
0.0910169641117129,-0.70500988197096,2,1,1,0
-1.10680785988038,0.730220963944484,3,1,1,1
1.14585879213452,0.250346748434991,1,0,0,1
0.161218527238159,-0.470778013779016,2,1,1,1
-1.46999523509057,1.55278362161936,1,0,0,1
-1.4423604735989,-0.198831513646593,2,0,0,0
0.842362065482231,1.5031451112577,2,1,1,1
-1.43953771277876,0.0348458494681685,3,1,1,1
-0.360013178041899,-0.66247460669277,1,0,0,0
1.29460321544737,0.0785708764529359,3,1,1,0
-0.956645162568719,-0.833293228447382,2,1,1,0
0.655936403811567,-0.152900260182619,1,1,0,1
-0.324172871734994,-0.654065259059122,1,0,0,0
-0.0546868087680835,-0.494677680238597,2,0,0,1
0.582360405378509,0.302155905332581,1,0,0,1
0.374875099093081,-0.57844855680643,1,1,0,1
-0.564233301435972,-0.650354508217592,3,0,1,0
-0.629480951684688,-0.416426776317249,2,1,1,1
-0.496085953225472,0.938019490324598,2,1,1,1
0.579574936467285,-0.869364561502656,2,0,0,1
-1.95778292538733,-1.47058064193355,3,0,1,1
-1.49985855297594,1.57730402794093,2,0,0,0
-0.0627348578178778,1.35263148795639,2,1,1,1
-0.367999658616457,0.12648523680196,2,1,1,0
-0.930666617588148,-0.495946014775426,1,0,0,0
0.648863212511739,-0.946278979919608,2,0,0,1
-0.0119401340109287,-1.02625194152584,2,1,1,1
-0.823625709088798,0.26660919528694,2,0,0,0
-2.03855102139419,0.499994603027536,1,1,0,1
-1.08320911352767,1.21632174437273,2,1,1,0
-0.040519767687458,-0.489852788180369,2,0,0,0
-0.232157368659182,0.0919027864850305,2,1,1,1
0.0509722612416108,-0.443487639476001,2,0,0,1
0.667458632674696,-0.610145211393854,2,0,0,1
-0.513400273811411,-1.11458527900858,2,0,0,1
-0.548123164991299,1.24375576102417,1,1,0,0
-0.737767652646726,1.99986933426093,1,0,0,1
0.892876117385394,-0.111445069068512,3,1,1,0
-1.23145901786349,-0.588933928314305,2,0,0,0
-0.051506206233957,0.532830672670008,2,0,0,1
-0.988348282644483,0.00222401957163805,2,0,0,0
1.20527418814049,-0.710588839208374,2,0,0,1
-0.839546301846337,-1.62777185151622,1,1,0,1
-0.992219054855546,1.05963651316195,1,1,0,0
-0.6906524011981,1.40093315144043,2,0,0,0
-1.00717751064938,1.26249094586891,3,1,1,1
0.30072478723988,0.24946594108627,2,1,1,0
-0.569579209639082,-0.151263638992519,2,0,0,0
0.264968901393197,0.3257900775468,2,1,1,1
-0.320223187611326,0.266185763682214,2,1,1,1
0.0773076623583009,0.40189393847269,3,0,1,1
0.874466809908311,0.0606984796315276,2,0,0,1
0.720929675649979,-0.0658162118252024,1,0,0,1
-0.248640496006657,0.620660985134133,1,0,0,0
-0.160853026708352,-0.0215287509420535,1,1,0,0
-0.0643848335636889,-0.327805096317564,1,0,0,1
-0.671296973352225,0.337016346537348,2,1,1,0
0.721959703049098,-0.63812164581975,2,0,0,1
-0.153260457842931,1.54378584609788,2,1,1,0
1.31717879074698,0.675540321728872,1,1,0,1
0.446619676811265,1.58508781083888,2,1,1,0
-0.573144185077544,0.105469511713973,1,0,0,0
0.429693550518686,0.106497978964416,2,0,0,1
1.13153091787449,1.52480051846988,2,1,1,1
